-- phpMyAdmin SQL Dump
-- version 4.6.6deb5
-- https://www.phpmyadmin.net/
--
-- Host: localhost:3306
-- Generation Time: Dec 26, 2020 at 09:43 PM
-- Server version: 5.7.30-0ubuntu0.18.04.1
-- PHP Version: 7.2.24-0ubuntu0.18.04.6

SET SQL_MODE = "NO_AUTO_VALUE_ON_ZERO";
SET time_zone = "+00:00";


/*!40101 SET @OLD_CHARACTER_SET_CLIENT=@@CHARACTER_SET_CLIENT */;
/*!40101 SET @OLD_CHARACTER_SET_RESULTS=@@CHARACTER_SET_RESULTS */;
/*!40101 SET @OLD_COLLATION_CONNECTION=@@COLLATION_CONNECTION */;
/*!40101 SET NAMES utf8mb4 */;

--
-- Database: `skripsi`
--

-- --------------------------------------------------------

--
-- Table structure for table `diagnosa`
--

CREATE TABLE `diagnosa` (
  `id_diagnosa` varchar(10) NOT NULL,
  `id_hp` varchar(5) NOT NULL,
  `id_gejala` varchar(10) NOT NULL,
  `cf_user` int(11) NOT NULL
) ENGINE=InnoDB DEFAULT CHARSET=utf8mb4;

-- --------------------------------------------------------

--
-- Table structure for table `gejala`
--

CREATE TABLE `gejala` (
  `id_gejala` varchar(10) NOT NULL,
  `gejala` text NOT NULL
) ENGINE=InnoDB DEFAULT CHARSET=utf8mb4;

--
-- Dumping data for table `gejala`
--

INSERT INTO `gejala` (`id_gejala`, `gejala`) VALUES
('G01', 'Miselium jamur tiram terlihat membusuk'),
('G02', 'Jamur tiram terlihat keriput'),
('G03', 'Batang jamur tiram terlihat berlubang'),
('G04', 'Jamur tiram hanya tumbuh kecil'),
('G05', 'Pertumbuhan jamur tiram lambat'),
('G06', 'Jamur tiram tidak tumbuh'),
('G07', 'Terlihat jaring pada baglog'),
('G08', 'Kumbung jamur tiram mudah rapuh'),
('G09', 'Baglog/media jamur tiram menjadi ringan'),
('G10', 'Plastik baglog terlihat berlubang'),
('G11', 'Baglog/media jamur tiram rusak'),
('G12', 'Sisa gigitan pada jamur tiram'),
('G13', 'Jamur tiram tumbuh cacat '),
('G14', 'Warna jamur tiram menjadi coklat'),
('G15', 'Jamur tiram menjadi busuk'),
('G16', 'Bau jamur tiram menyengat'),
('G17', 'Pada media baglog terdapat noda warna hitam '),
('G18', 'Pada media baglog terdapat bintik-bintik noda hijau'),
('G19', 'Pada permukaan baglog terdapat tepung warna orange'),
('G20', 'Pada miselium terdapat warna coklat atau merah tua'),
('G21', 'Terdapat bintik kuning coklat pada jamur tiram'),
('G22', 'Jamur tiram bekas luka terlihat cekung');

-- --------------------------------------------------------

--
-- Table structure for table `hasil`
--

CREATE TABLE `hasil` (
  `id_hasil` int(10) NOT NULL,
  `id_user` varchar(5) DEFAULT NULL,
  `hp` text,
  `gejala` text,
  `id_hp` varchar(11) DEFAULT NULL,
  `cf_hasil` float DEFAULT NULL
) ENGINE=InnoDB DEFAULT CHARSET=utf8mb4;

--
-- Dumping data for table `hasil`
--

INSERT INTO `hasil` (`id_hasil`, `id_user`, `hp`, `gejala`, `id_hp`, `cf_hasil`) VALUES
(159, NULL, 'a:7:{s:3:\"P01\";s:6:\"0.8906\";s:3:\"P13\";s:6:\"0.7264\";s:3:\"P05\";s:6:\"0.6464\";s:3:\"P12\";s:6:\"0.6464\";s:3:\"P11\";s:6:\"0.5376\";s:3:\"P04\";s:6:\"0.4800\";s:3:\"P10\";s:6:\"0.1600\";}', 'a:3:{i:0;s:3:\"G01\";i:1;s:3:\"G02\";i:2;s:3:\"G05\";}', 'P01', 0.8906),
(160, NULL, 'a:1:{s:3:\"P08\";s:6:\"0.9510\";}', 'a:3:{i:0;s:3:\"G13\";i:1;s:3:\"G14\";i:2;s:3:\"G15\";}', 'P08', 0.951),
(161, NULL, 'a:0:{}', 'a:5:{i:0;s:3:\"G13\";i:1;s:3:\"G14\";i:2;s:3:\"G15\";i:3;s:3:\"G19\";i:4;s:3:\"G20\";}', NULL, NULL),
(162, NULL, 'a:4:{s:3:\"P08\";s:6:\"0.8877\";s:3:\"P13\";s:6:\"0.8000\";s:3:\"P07\";s:6:\"0.4800\";s:3:\"P12\";s:6:\"0.4000\";}', 'a:5:{i:0;s:3:\"G13\";i:1;s:3:\"G14\";i:2;s:3:\"G15\";i:3;s:3:\"G19\";i:4;s:3:\"G20\";}', 'P08', 0.8877),
(163, NULL, 'a:4:{s:3:\"P08\";s:6:\"0.8877\";s:3:\"P13\";s:6:\"0.8000\";s:3:\"P07\";s:6:\"0.4800\";s:3:\"P12\";s:6:\"0.4000\";}', 'a:5:{i:0;s:3:\"G13\";i:1;s:3:\"G14\";i:2;s:3:\"G15\";i:3;s:3:\"G19\";i:4;s:3:\"G20\";}', 'P08', 0.8877),
(164, NULL, 'a:4:{s:3:\"P08\";s:6:\"0.8877\";s:3:\"P13\";s:6:\"0.8000\";s:3:\"P07\";s:6:\"0.4800\";s:3:\"P12\";s:6:\"0.4000\";}', 'a:5:{i:0;s:3:\"G13\";i:1;s:3:\"G14\";i:2;s:3:\"G15\";i:3;s:3:\"G19\";i:4;s:3:\"G20\";}', 'P08', 0.8877),
(165, NULL, 'a:4:{s:3:\"P08\";s:6:\"0.8877\";s:3:\"P13\";s:6:\"0.8000\";s:3:\"P07\";s:6:\"0.4800\";s:3:\"P12\";s:6:\"0.4000\";}', 'a:5:{i:0;s:3:\"G13\";i:1;s:3:\"G14\";i:2;s:3:\"G15\";i:3;s:3:\"G19\";i:4;s:3:\"G20\";}', 'P08', 0.8877),
(166, NULL, 'a:0:{}', 'a:1:{i:0;s:49:\"G21Terdapat bintik kuning coklat pada jamur tiram\";}', NULL, NULL),
(167, NULL, 'a:0:{}', 'a:1:{i:0;s:49:\"G21Terdapat bintik kuning coklat pada jamur tiram\";}', NULL, NULL),
(168, NULL, 'a:0:{}', 'a:1:{i:0;s:49:\"G21Terdapat bintik kuning coklat pada jamur tiram\";}', NULL, NULL),
(169, NULL, 'a:1:{s:3:\"P09\";s:6:\"0.8000\";}', 'a:1:{i:0;s:3:\"G21\";}', 'P09', 0.8),
(170, NULL, 'a:1:{s:3:\"P09\";s:6:\"0.8000\";}', 'a:1:{i:0;s:3:\"G21\";}', 'P09', 0.8),
(171, NULL, 'a:2:{s:3:\"P03\";s:6:\"0.8000\";s:3:\"P02\";s:6:\"0.2000\";}', 'a:2:{i:0;s:3:\"G07\";i:1;s:3:\"G08\";}', 'P03', 0.8),
(172, NULL, 'a:7:{s:3:\"P01\";s:6:\"0.7696\";s:3:\"P02\";s:6:\"0.4800\";s:3:\"P05\";s:6:\"0.4800\";s:3:\"P11\";s:6:\"0.4800\";s:3:\"P12\";s:6:\"0.4800\";s:3:\"P13\";s:6:\"0.3600\";s:3:\"P10\";s:6:\"0.2400\";}', 'a:2:{i:0;s:3:\"G04\";i:1;s:3:\"G05\";}', 'P01', 0.7696),
(173, NULL, 'a:7:{s:3:\"P01\";s:6:\"0.6832\";s:3:\"P02\";s:6:\"0.4800\";s:3:\"P05\";s:6:\"0.1600\";s:3:\"P11\";s:6:\"0.1600\";s:3:\"P12\";s:6:\"0.1600\";s:3:\"P13\";s:6:\"0.1200\";s:3:\"P10\";s:6:\"0.0800\";}', 'a:2:{i:0;s:3:\"G04\";i:1;s:3:\"G05\";}', 'P01', 0.6832),
(174, NULL, 'a:0:{}', 'a:1:{i:0;s:3:\"0.6\";}', NULL, NULL),
(175, NULL, 'a:0:{}', 'a:1:{i:0;s:3:\"0.8\";}', NULL, NULL),
(176, NULL, 'a:0:{}', 'a:1:{i:0;s:3:\"0.8\";}', NULL, NULL),
(177, NULL, 'a:0:{}', 'a:1:{i:0;s:3:\"0.8\";}', NULL, NULL),
(178, NULL, 'a:0:{}', 'a:2:{i:0;s:3:\"0.6\";i:1;s:3:\"0.4\";}', NULL, NULL),
(179, NULL, 'a:0:{}', 'a:2:{i:0;s:3:\"0.8\";i:1;s:3:\"0.2\";}', NULL, NULL),
(180, NULL, 'a:5:{s:3:\"P02\";s:6:\"1.0000\";s:3:\"P04\";s:6:\"0.6400\";s:3:\"P06\";s:6:\"0.6400\";s:3:\"P10\";s:6:\"0.6400\";s:3:\"P07\";s:6:\"0.4800\";}', 'a:2:{i:0;s:3:\"G06\";i:1;s:3:\"G07\";}', 'P02', 1),
(181, NULL, 'a:8:{s:3:\"P01\";s:6:\"0.9696\";s:3:\"P13\";s:6:\"0.8000\";s:3:\"P05\";s:6:\"0.7600\";s:3:\"P04\";s:6:\"0.6000\";s:3:\"P12\";s:6:\"0.6000\";s:3:\"P11\";s:6:\"0.4000\";s:3:\"P02\";s:6:\"0.3200\";s:3:\"P03\";s:6:\"0.1600\";}', 'a:3:{i:0;s:3:\"G01\";i:1;s:3:\"G02\";i:2;s:3:\"G03\";}', 'P01', 0.9696),
(182, NULL, 'a:8:{s:3:\"P01\";s:6:\"0.9696\";s:3:\"P13\";s:6:\"0.8000\";s:3:\"P05\";s:6:\"0.7600\";s:3:\"P04\";s:6:\"0.6000\";s:3:\"P12\";s:6:\"0.6000\";s:3:\"P11\";s:6:\"0.4000\";s:3:\"P02\";s:6:\"0.3200\";s:3:\"P03\";s:6:\"0.1600\";}', 'a:3:{i:0;s:3:\"G01\";i:1;s:3:\"G02\";i:2;s:3:\"G03\";}', 'P01', 0.9696),
(183, NULL, 'a:8:{s:3:\"P01\";s:6:\"0.9696\";s:3:\"P13\";s:6:\"0.8000\";s:3:\"P05\";s:6:\"0.7600\";s:3:\"P04\";s:6:\"0.6000\";s:3:\"P12\";s:6:\"0.6000\";s:3:\"P11\";s:6:\"0.4000\";s:3:\"P02\";s:6:\"0.3200\";s:3:\"P03\";s:6:\"0.1600\";}', 'a:3:{i:0;s:3:\"G01\";i:1;s:3:\"G02\";i:2;s:3:\"G03\";}', 'P01', 0.9696),
(184, NULL, 'a:8:{s:3:\"P01\";s:6:\"0.9696\";s:3:\"P13\";s:6:\"0.8000\";s:3:\"P05\";s:6:\"0.7600\";s:3:\"P04\";s:6:\"0.6000\";s:3:\"P12\";s:6:\"0.6000\";s:3:\"P11\";s:6:\"0.4000\";s:3:\"P02\";s:6:\"0.3200\";s:3:\"P03\";s:6:\"0.1600\";}', 'a:3:{i:0;s:3:\"G01\";i:1;s:3:\"G02\";i:2;s:3:\"G03\";}', 'P01', 0.9696),
(185, NULL, 'a:8:{s:3:\"P01\";s:6:\"0.9696\";s:3:\"P13\";s:6:\"0.8000\";s:3:\"P05\";s:6:\"0.7600\";s:3:\"P04\";s:6:\"0.6000\";s:3:\"P12\";s:6:\"0.6000\";s:3:\"P11\";s:6:\"0.4000\";s:3:\"P02\";s:6:\"0.3200\";s:3:\"P03\";s:6:\"0.1600\";}', 'a:3:{i:0;s:3:\"G01\";i:1;s:3:\"G02\";i:2;s:3:\"G03\";}', 'P01', 0.9696),
(186, NULL, 'a:4:{s:3:\"P01\";s:6:\"1.0000\";s:3:\"P05\";s:6:\"1.0000\";s:3:\"P02\";s:6:\"0.8000\";s:3:\"P03\";s:6:\"0.4000\";}', 'a:2:{i:0;s:3:\"G02\";i:1;s:3:\"G03\";}', 'P01', 1),
(187, NULL, 'a:3:{s:3:\"P12\";s:6:\"1.0000\";s:3:\"P08\";s:6:\"0.8560\";s:3:\"P09\";s:6:\"0.4800\";}', 'a:3:{i:0;s:3:\"G13\";i:1;s:3:\"G16\";i:2;s:3:\"G19\";}', 'P12', 1),
(188, NULL, 'a:3:{s:3:\"P12\";s:6:\"1.0000\";s:3:\"P08\";s:6:\"0.8560\";s:3:\"P09\";s:6:\"0.4800\";}', 'a:3:{i:0;s:3:\"G13\";i:1;s:3:\"G16\";i:2;s:3:\"G19\";}', 'P12', 1),
(189, NULL, 'a:3:{s:3:\"P12\";s:6:\"1.0000\";s:3:\"P08\";s:6:\"0.8560\";s:3:\"P09\";s:6:\"0.4800\";}', 'a:3:{i:0;s:3:\"G13\";i:1;s:3:\"G16\";i:2;s:3:\"G19\";}', 'P12', 1),
(190, NULL, 'a:10:{s:3:\"P02\";s:6:\"1.0000\";s:3:\"P10\";s:6:\"0.6464\";s:3:\"P05\";s:6:\"0.6400\";s:3:\"P11\";s:6:\"0.6400\";s:3:\"P12\";s:6:\"0.6400\";s:3:\"P01\";s:6:\"0.4800\";s:3:\"P04\";s:6:\"0.4800\";s:3:\"P06\";s:6:\"0.4800\";s:3:\"P13\";s:6:\"0.4800\";s:3:\"P07\";s:6:\"0.3600\";}', 'a:3:{i:0;s:3:\"G05\";i:1;s:3:\"G06\";i:2;s:3:\"G07\";}', 'P02', 1),
(191, NULL, 'a:3:{s:3:\"P03\";s:6:\"1.0000\";s:3:\"P07\";s:6:\"0.8000\";s:3:\"P06\";s:6:\"0.4720\";}', 'a:4:{i:0;s:3:\"G09\";i:1;s:3:\"G10\";i:2;s:3:\"G11\";i:3;s:3:\"G12\";}', 'P03', 1),
(192, NULL, 'a:3:{s:3:\"P03\";s:6:\"1.0000\";s:3:\"P07\";s:6:\"0.8000\";s:3:\"P06\";s:6:\"0.4720\";}', 'a:4:{i:0;s:3:\"G09\";i:1;s:3:\"G10\";i:2;s:3:\"G11\";i:3;s:3:\"G12\";}', 'P03', 1),
(193, NULL, 'a:3:{s:3:\"P03\";s:6:\"1.0000\";s:3:\"P07\";s:6:\"0.8000\";s:3:\"P06\";s:6:\"0.4720\";}', 'a:4:{i:0;s:3:\"G09\";i:1;s:3:\"G10\";i:2;s:3:\"G11\";i:3;s:3:\"G12\";}', 'P03', 1),
(194, NULL, 'a:3:{s:3:\"P03\";s:6:\"1.0000\";s:3:\"P07\";s:6:\"0.8000\";s:3:\"P06\";s:6:\"0.4720\";}', 'a:4:{i:0;s:3:\"G09\";i:1;s:3:\"G10\";i:2;s:3:\"G11\";i:3;s:3:\"G12\";}', 'P03', 1),
(195, NULL, 'a:3:{s:3:\"P03\";s:6:\"1.0000\";s:3:\"P07\";s:6:\"0.8000\";s:3:\"P06\";s:6:\"0.4720\";}', 'a:4:{i:0;s:3:\"G09\";i:1;s:3:\"G10\";i:2;s:3:\"G11\";i:3;s:3:\"G12\";}', 'P03', 1),
(196, NULL, 'a:3:{s:3:\"P03\";s:6:\"1.0000\";s:3:\"P07\";s:6:\"0.8000\";s:3:\"P06\";s:6:\"0.4720\";}', 'a:4:{i:0;s:3:\"G09\";i:1;s:3:\"G10\";i:2;s:3:\"G11\";i:3;s:3:\"G12\";}', 'P03', 1),
(197, NULL, 'a:3:{s:3:\"P03\";s:6:\"1.0000\";s:3:\"P07\";s:6:\"0.8000\";s:3:\"P06\";s:6:\"0.4720\";}', 'a:4:{i:0;s:3:\"G09\";i:1;s:3:\"G10\";i:2;s:3:\"G11\";i:3;s:3:\"G12\";}', 'P03', 1),
(198, NULL, 'a:1:{s:3:\"P09\";s:6:\"1.0000\";}', 'a:2:{i:0;s:3:\"G21\";i:1;s:3:\"G22\";}', 'P09', 1),
(199, NULL, 'a:0:{}', 'N;', NULL, NULL),
(200, NULL, 'a:1:{s:3:\"P09\";s:6:\"1.0000\";}', 'a:2:{i:0;s:3:\"G21\";i:1;s:3:\"G22\";}', 'P09', 1),
(201, NULL, 'a:2:{s:3:\"P13\";s:6:\"1.0000\";s:3:\"P07\";s:6:\"0.6000\";}', 'a:1:{i:0;s:3:\"G20\";}', 'P13', 1),
(202, NULL, 'a:2:{s:3:\"P13\";s:6:\"1.0000\";s:3:\"P07\";s:6:\"0.6000\";}', 'a:1:{i:0;s:3:\"G20\";}', 'P13', 1),
(203, NULL, 'a:2:{s:3:\"P13\";s:6:\"1.0000\";s:3:\"P07\";s:6:\"0.6000\";}', 'a:1:{i:0;s:3:\"G20\";}', 'P13', 1),
(204, NULL, 'a:2:{s:3:\"P13\";s:6:\"1.0000\";s:3:\"P07\";s:6:\"0.6000\";}', 'a:1:{i:0;s:3:\"G20\";}', 'P13', 1),
(205, NULL, 'a:2:{s:3:\"P13\";s:6:\"1.0000\";s:3:\"P07\";s:6:\"0.6000\";}', 'a:1:{i:0;s:3:\"G20\";}', 'P13', 1),
(206, NULL, 'a:0:{}', 'N;', NULL, NULL),
(207, NULL, 'a:2:{s:3:\"P13\";s:6:\"0.4000\";s:3:\"P07\";s:6:\"0.2400\";}', 'a:1:{i:0;s:3:\"G20\";}', 'P13', 0.4),
(208, NULL, 'a:2:{s:3:\"P13\";s:6:\"0.4000\";s:3:\"P07\";s:6:\"0.2400\";}', 'a:1:{i:0;s:3:\"G20\";}', 'P13', 0.4),
(209, NULL, 'a:2:{s:3:\"P13\";s:6:\"0.4000\";s:3:\"P07\";s:6:\"0.2400\";}', 'a:1:{i:0;s:3:\"G20\";}', 'P13', 0.4),
(210, NULL, 'a:2:{s:3:\"P13\";s:6:\"0.4000\";s:3:\"P07\";s:6:\"0.2400\";}', 'a:1:{i:0;s:3:\"G20\";}', 'P13', 0.4),
(211, NULL, 'a:0:{}', 'N;', NULL, NULL),
(212, NULL, 'a:2:{s:3:\"P13\";s:6:\"0.4000\";s:3:\"P07\";s:6:\"0.2400\";}', 'a:1:{i:0;s:3:\"G20\";}', 'P13', 0.4),
(213, NULL, 'a:2:{s:3:\"P13\";s:6:\"0.4000\";s:3:\"P07\";s:6:\"0.2400\";}', 'a:1:{i:0;s:3:\"G20\";}', 'P13', 0.4),
(214, NULL, 'a:2:{s:3:\"P13\";s:6:\"0.4000\";s:3:\"P07\";s:6:\"0.2400\";}', 'a:1:{i:0;s:3:\"G20\";}', 'P13', 0.4),
(215, NULL, 'a:2:{s:3:\"P13\";s:6:\"0.4000\";s:3:\"P07\";s:6:\"0.2400\";}', 'a:1:{i:0;s:3:\"G20\";}', 'P13', 0.4),
(216, NULL, 'a:2:{s:3:\"P13\";s:6:\"0.4000\";s:3:\"P07\";s:6:\"0.2400\";}', 'a:1:{i:0;s:3:\"G20\";}', 'P13', 0.4),
(217, NULL, 'a:2:{s:3:\"P13\";s:6:\"0.4000\";s:3:\"P07\";s:6:\"0.2400\";}', 'a:1:{i:0;s:3:\"G20\";}', 'P13', 0.4),
(218, NULL, 'a:2:{s:3:\"P13\";s:6:\"0.4000\";s:3:\"P07\";s:6:\"0.2400\";}', 'a:1:{i:0;s:3:\"G20\";}', 'P13', 0.4),
(219, NULL, 'a:2:{s:3:\"P13\";s:6:\"0.4000\";s:3:\"P07\";s:6:\"0.2400\";}', 'a:1:{i:0;s:3:\"G20\";}', 'P13', 0.4),
(220, NULL, 'a:2:{s:3:\"P13\";s:6:\"0.4000\";s:3:\"P07\";s:6:\"0.2400\";}', 'a:1:{i:0;s:3:\"G20\";}', 'P13', 0.4),
(221, NULL, 'a:2:{s:3:\"P13\";s:6:\"0.4000\";s:3:\"P07\";s:6:\"0.2400\";}', 'a:1:{i:0;s:3:\"G20\";}', 'P13', 0.4),
(222, NULL, 'a:2:{s:3:\"P13\";s:6:\"0.4000\";s:3:\"P07\";s:6:\"0.2400\";}', 'a:1:{i:0;s:3:\"G20\";}', 'P13', 0.4),
(223, NULL, 'a:2:{s:3:\"P13\";s:6:\"0.4000\";s:3:\"P07\";s:6:\"0.2400\";}', 'a:1:{i:0;s:3:\"G20\";}', 'P13', 0.4),
(224, NULL, 'a:2:{s:3:\"P13\";s:6:\"0.4000\";s:3:\"P07\";s:6:\"0.2400\";}', 'a:1:{i:0;s:3:\"G20\";}', 'P13', 0.4),
(225, NULL, 'a:2:{s:3:\"P13\";s:6:\"0.4000\";s:3:\"P07\";s:6:\"0.2400\";}', 'a:1:{i:0;s:3:\"G20\";}', 'P13', 0.4),
(226, NULL, 'a:2:{s:3:\"P13\";s:6:\"0.4000\";s:3:\"P07\";s:6:\"0.2400\";}', 'a:1:{i:0;s:3:\"G20\";}', 'P13', 0.4),
(227, NULL, 'a:2:{s:3:\"P13\";s:6:\"0.4000\";s:3:\"P07\";s:6:\"0.2400\";}', 'a:1:{i:0;s:3:\"G20\";}', 'P13', 0.4),
(228, NULL, 'a:2:{s:3:\"P13\";s:6:\"0.4000\";s:3:\"P07\";s:6:\"0.2400\";}', 'a:1:{i:0;s:3:\"G20\";}', 'P13', 0.4),
(229, NULL, 'a:2:{s:3:\"P13\";s:6:\"0.4000\";s:3:\"P07\";s:6:\"0.2400\";}', 'a:1:{i:0;s:3:\"G20\";}', 'P13', 0.4),
(230, NULL, 'a:2:{s:3:\"P13\";s:6:\"0.4000\";s:3:\"P07\";s:6:\"0.2400\";}', 'a:1:{i:0;s:3:\"G20\";}', 'P13', 0.4),
(231, NULL, 'a:2:{s:3:\"P13\";s:6:\"0.4000\";s:3:\"P07\";s:6:\"0.2400\";}', 'a:1:{i:0;s:3:\"G20\";}', 'P13', 0.4),
(232, NULL, 'a:2:{s:3:\"P13\";s:6:\"0.4000\";s:3:\"P07\";s:6:\"0.2400\";}', 'a:1:{i:0;s:3:\"G20\";}', 'P13', 0.4),
(233, NULL, 'a:2:{s:3:\"P13\";s:6:\"0.4000\";s:3:\"P07\";s:6:\"0.2400\";}', 'a:1:{i:0;s:3:\"G20\";}', 'P13', 0.4),
(234, NULL, 'a:2:{s:3:\"P13\";s:6:\"0.4000\";s:3:\"P07\";s:6:\"0.2400\";}', 'a:1:{i:0;s:3:\"G20\";}', 'P13', 0.4),
(235, NULL, 'a:2:{s:3:\"P13\";s:6:\"0.4000\";s:3:\"P07\";s:6:\"0.2400\";}', 'a:1:{i:0;s:3:\"G20\";}', 'P13', 0.4),
(236, NULL, 'a:2:{s:3:\"P13\";s:6:\"0.4000\";s:3:\"P07\";s:6:\"0.2400\";}', 'a:1:{i:0;s:3:\"G20\";}', 'P13', 0.4),
(237, NULL, 'a:2:{s:3:\"P13\";s:6:\"0.4000\";s:3:\"P07\";s:6:\"0.2400\";}', 'a:1:{i:0;s:3:\"G20\";}', 'P13', 0.4),
(238, NULL, 'a:2:{s:3:\"P13\";s:6:\"0.4000\";s:3:\"P07\";s:6:\"0.2400\";}', 'a:1:{i:0;s:3:\"G20\";}', 'P13', 0.4),
(239, NULL, 'a:2:{s:3:\"P13\";s:6:\"0.4000\";s:3:\"P07\";s:6:\"0.2400\";}', 'a:1:{i:0;s:3:\"G20\";}', 'P13', 0.4),
(240, NULL, 'a:2:{s:3:\"P13\";s:6:\"0.4000\";s:3:\"P07\";s:6:\"0.2400\";}', 'a:1:{i:0;s:3:\"G20\";}', 'P13', 0.4),
(241, NULL, 'a:2:{s:3:\"P13\";s:6:\"0.4000\";s:3:\"P07\";s:6:\"0.2400\";}', 'a:1:{i:0;s:3:\"G20\";}', 'P13', 0.4),
(242, NULL, 'a:2:{s:3:\"P13\";s:6:\"0.4000\";s:3:\"P07\";s:6:\"0.2400\";}', 'a:1:{i:0;s:3:\"G20\";}', 'P13', 0.4),
(243, NULL, 'a:10:{s:3:\"P05\";s:6:\"0.8000\";s:3:\"P11\";s:6:\"0.8000\";s:3:\"P12\";s:6:\"0.8000\";s:3:\"P01\";s:6:\"0.6000\";s:3:\"P13\";s:6:\"0.6000\";s:3:\"P10\";s:6:\"0.5920\";s:3:\"P02\";s:6:\"0.3200\";s:3:\"P04\";s:6:\"0.3200\";s:3:\"P06\";s:6:\"0.3200\";s:3:\"P07\";s:6:\"0.2400\";}', 'a:2:{i:0;s:3:\"G05\";i:1;s:3:\"G06\";}', 'P05', 0.8),
(244, NULL, 'a:10:{s:3:\"P05\";s:6:\"0.8000\";s:3:\"P11\";s:6:\"0.8000\";s:3:\"P12\";s:6:\"0.8000\";s:3:\"P01\";s:6:\"0.6000\";s:3:\"P13\";s:6:\"0.6000\";s:3:\"P10\";s:6:\"0.5920\";s:3:\"P02\";s:6:\"0.3200\";s:3:\"P04\";s:6:\"0.3200\";s:3:\"P06\";s:6:\"0.3200\";s:3:\"P07\";s:6:\"0.2400\";}', 'a:2:{i:0;s:3:\"G05\";i:1;s:3:\"G06\";}', 'P05', 0.8),
(245, NULL, 'a:10:{s:3:\"P05\";s:6:\"0.8000\";s:3:\"P11\";s:6:\"0.8000\";s:3:\"P12\";s:6:\"0.8000\";s:3:\"P01\";s:6:\"0.6000\";s:3:\"P13\";s:6:\"0.6000\";s:3:\"P10\";s:6:\"0.5920\";s:3:\"P02\";s:6:\"0.3200\";s:3:\"P04\";s:6:\"0.3200\";s:3:\"P06\";s:6:\"0.3200\";s:3:\"P07\";s:6:\"0.2400\";}', 'a:2:{i:0;s:3:\"G05\";i:1;s:3:\"G06\";}', 'P05', 0.8),
(246, NULL, 'a:10:{s:3:\"P05\";s:6:\"0.8000\";s:3:\"P11\";s:6:\"0.8000\";s:3:\"P12\";s:6:\"0.8000\";s:3:\"P01\";s:6:\"0.6000\";s:3:\"P13\";s:6:\"0.6000\";s:3:\"P10\";s:6:\"0.5920\";s:3:\"P02\";s:6:\"0.3200\";s:3:\"P04\";s:6:\"0.3200\";s:3:\"P06\";s:6:\"0.3200\";s:3:\"P07\";s:6:\"0.2400\";}', 'a:2:{i:0;s:3:\"G05\";i:1;s:3:\"G06\";}', 'P05', 0.8),
(247, NULL, 'a:10:{s:3:\"P05\";s:6:\"0.8000\";s:3:\"P11\";s:6:\"0.8000\";s:3:\"P12\";s:6:\"0.8000\";s:3:\"P01\";s:6:\"0.6000\";s:3:\"P13\";s:6:\"0.6000\";s:3:\"P10\";s:6:\"0.5920\";s:3:\"P02\";s:6:\"0.3200\";s:3:\"P04\";s:6:\"0.3200\";s:3:\"P06\";s:6:\"0.3200\";s:3:\"P07\";s:6:\"0.2400\";}', 'a:2:{i:0;s:3:\"G05\";i:1;s:3:\"G06\";}', 'P05', 0.8),
(248, NULL, 'a:10:{s:3:\"P05\";s:6:\"0.8000\";s:3:\"P11\";s:6:\"0.8000\";s:3:\"P12\";s:6:\"0.8000\";s:3:\"P01\";s:6:\"0.6000\";s:3:\"P13\";s:6:\"0.6000\";s:3:\"P10\";s:6:\"0.5920\";s:3:\"P02\";s:6:\"0.3200\";s:3:\"P04\";s:6:\"0.3200\";s:3:\"P06\";s:6:\"0.3200\";s:3:\"P07\";s:6:\"0.2400\";}', 'a:2:{i:0;s:3:\"G05\";i:1;s:3:\"G06\";}', 'P05', 0.8),
(249, NULL, 'a:10:{s:3:\"P05\";s:6:\"0.8000\";s:3:\"P11\";s:6:\"0.8000\";s:3:\"P12\";s:6:\"0.8000\";s:3:\"P01\";s:6:\"0.6000\";s:3:\"P13\";s:6:\"0.6000\";s:3:\"P10\";s:6:\"0.5920\";s:3:\"P02\";s:6:\"0.3200\";s:3:\"P04\";s:6:\"0.3200\";s:3:\"P06\";s:6:\"0.3200\";s:3:\"P07\";s:6:\"0.2400\";}', 'a:2:{i:0;s:3:\"G05\";i:1;s:3:\"G06\";}', 'P05', 0.8),
(250, NULL, 'a:2:{s:3:\"P08\";s:6:\"0.9200\";s:3:\"P09\";s:6:\"0.4800\";}', 'a:2:{i:0;s:3:\"G15\";i:1;s:3:\"G16\";}', 'P08', 0.92),
(251, NULL, 'a:6:{s:3:\"P02\";s:6:\"0.9600\";s:3:\"P10\";s:6:\"0.9200\";s:3:\"P03\";s:6:\"0.8000\";s:3:\"P04\";s:6:\"0.8000\";s:3:\"P06\";s:6:\"0.8000\";s:3:\"P07\";s:6:\"0.6000\";}', 'a:4:{i:0;s:3:\"G06\";i:1;s:3:\"G07\";i:2;s:3:\"G08\";i:3;s:3:\"G17\";}', 'P02', 0.96),
(252, NULL, 'a:3:{s:3:\"P13\";s:6:\"0.6000\";s:3:\"P12\";s:6:\"0.4000\";s:3:\"P07\";s:6:\"0.3600\";}', 'a:2:{i:0;s:3:\"G19\";i:1;s:3:\"G20\";}', 'P13', 0.6),
(253, NULL, 'a:3:{s:3:\"P13\";s:6:\"0.6000\";s:3:\"P12\";s:6:\"0.4000\";s:3:\"P07\";s:6:\"0.3600\";}', 'a:2:{i:0;s:3:\"G19\";i:1;s:3:\"G20\";}', 'P13', 0.6),
(254, NULL, 'a:3:{s:3:\"P13\";s:6:\"0.6000\";s:3:\"P12\";s:6:\"0.4000\";s:3:\"P07\";s:6:\"0.3600\";}', 'a:2:{i:0;s:3:\"G19\";i:1;s:3:\"G20\";}', 'P13', 0.6),
(255, NULL, 'a:3:{s:3:\"P13\";s:6:\"0.6000\";s:3:\"P12\";s:6:\"0.4000\";s:3:\"P07\";s:6:\"0.3600\";}', 'a:2:{i:0;s:3:\"G19\";i:1;s:3:\"G20\";}', 'P13', 0.6),
(256, NULL, 'a:3:{s:3:\"P13\";s:6:\"0.6000\";s:3:\"P12\";s:6:\"0.4000\";s:3:\"P07\";s:6:\"0.3600\";}', 'a:2:{i:0;s:3:\"G19\";i:1;s:3:\"G20\";}', 'P13', 0.6),
(257, NULL, 'a:3:{s:3:\"P13\";s:6:\"0.6000\";s:3:\"P12\";s:6:\"0.4000\";s:3:\"P07\";s:6:\"0.3600\";}', 'a:2:{i:0;s:3:\"G19\";i:1;s:3:\"G20\";}', 'P13', 0.6),
(258, NULL, 'a:3:{s:3:\"P13\";s:6:\"0.6000\";s:3:\"P12\";s:6:\"0.4000\";s:3:\"P07\";s:6:\"0.3600\";}', 'a:2:{i:0;s:3:\"G19\";i:1;s:3:\"G20\";}', 'P13', 0.6),
(259, NULL, 'a:3:{s:3:\"P13\";s:6:\"0.6000\";s:3:\"P12\";s:6:\"0.4000\";s:3:\"P07\";s:6:\"0.3600\";}', 'a:2:{i:0;s:3:\"G19\";i:1;s:3:\"G20\";}', 'P13', 0.6),
(260, NULL, 'a:3:{s:3:\"P13\";s:6:\"0.6000\";s:3:\"P12\";s:6:\"0.4000\";s:3:\"P07\";s:6:\"0.3600\";}', 'a:2:{i:0;s:3:\"G19\";i:1;s:3:\"G20\";}', 'P13', 0.6),
(261, NULL, 'a:3:{s:3:\"P13\";s:6:\"0.6000\";s:3:\"P12\";s:6:\"0.4000\";s:3:\"P07\";s:6:\"0.3600\";}', 'a:2:{i:0;s:3:\"G19\";i:1;s:3:\"G20\";}', 'P13', 0.6),
(262, NULL, 'a:3:{s:3:\"P13\";s:6:\"0.6000\";s:3:\"P12\";s:6:\"0.4000\";s:3:\"P07\";s:6:\"0.3600\";}', 'a:2:{i:0;s:3:\"G19\";i:1;s:3:\"G20\";}', 'P13', 0.6),
(263, NULL, 'a:3:{s:3:\"P13\";s:6:\"0.6000\";s:3:\"P12\";s:6:\"0.4000\";s:3:\"P07\";s:6:\"0.3600\";}', 'a:2:{i:0;s:3:\"G19\";i:1;s:3:\"G20\";}', 'P13', 0.6),
(264, NULL, 'a:3:{s:3:\"P13\";s:6:\"0.6000\";s:3:\"P12\";s:6:\"0.4000\";s:3:\"P07\";s:6:\"0.3600\";}', 'a:2:{i:0;s:3:\"G19\";i:1;s:3:\"G20\";}', 'P13', 0.6),
(265, NULL, 'a:3:{s:3:\"P13\";s:6:\"0.6000\";s:3:\"P12\";s:6:\"0.4000\";s:3:\"P07\";s:6:\"0.3600\";}', 'a:2:{i:0;s:3:\"G19\";i:1;s:3:\"G20\";}', 'P13', 0.6),
(266, NULL, 'a:3:{s:3:\"P13\";s:6:\"0.6000\";s:3:\"P12\";s:6:\"0.4000\";s:3:\"P07\";s:6:\"0.3600\";}', 'a:2:{i:0;s:3:\"G19\";i:1;s:3:\"G20\";}', 'P13', 0.6),
(267, NULL, 'a:3:{s:3:\"P13\";s:6:\"0.6000\";s:3:\"P12\";s:6:\"0.4000\";s:3:\"P07\";s:6:\"0.3600\";}', 'a:2:{i:0;s:3:\"G19\";i:1;s:3:\"G20\";}', 'P13', 0.6),
(268, NULL, 'a:3:{s:3:\"P13\";s:6:\"0.6000\";s:3:\"P12\";s:6:\"0.4000\";s:3:\"P07\";s:6:\"0.3600\";}', 'a:2:{i:0;s:3:\"G19\";i:1;s:3:\"G20\";}', 'P13', 0.6),
(269, NULL, 'a:3:{s:3:\"P13\";s:6:\"0.6000\";s:3:\"P12\";s:6:\"0.4000\";s:3:\"P07\";s:6:\"0.3600\";}', 'a:2:{i:0;s:3:\"G19\";i:1;s:3:\"G20\";}', 'P13', 0.6),
(270, NULL, 'a:3:{s:3:\"P13\";s:6:\"0.6000\";s:3:\"P12\";s:6:\"0.4000\";s:3:\"P07\";s:6:\"0.3600\";}', 'a:2:{i:0;s:3:\"G19\";i:1;s:3:\"G20\";}', 'P13', 0.6),
(271, NULL, 'a:3:{s:3:\"P13\";s:6:\"0.6000\";s:3:\"P12\";s:6:\"0.4000\";s:3:\"P07\";s:6:\"0.3600\";}', 'a:2:{i:0;s:3:\"G19\";i:1;s:3:\"G20\";}', 'P13', 0.6),
(272, NULL, 'a:3:{s:3:\"P13\";s:6:\"0.6000\";s:3:\"P12\";s:6:\"0.4000\";s:3:\"P07\";s:6:\"0.3600\";}', 'a:2:{i:0;s:3:\"G19\";i:1;s:3:\"G20\";}', 'P13', 0.6),
(273, NULL, 'a:3:{s:3:\"P13\";s:6:\"0.6000\";s:3:\"P12\";s:6:\"0.4000\";s:3:\"P07\";s:6:\"0.3600\";}', 'a:2:{i:0;s:3:\"G19\";i:1;s:3:\"G20\";}', 'P13', 0.6),
(274, NULL, 'a:3:{s:3:\"P13\";s:6:\"0.6000\";s:3:\"P12\";s:6:\"0.4000\";s:3:\"P07\";s:6:\"0.3600\";}', 'a:2:{i:0;s:3:\"G19\";i:1;s:3:\"G20\";}', 'P13', 0.6),
(275, NULL, 'a:8:{s:3:\"P01\";s:6:\"1.0000\";s:3:\"P05\";s:6:\"0.8400\";s:3:\"P13\";s:6:\"0.8000\";s:3:\"P04\";s:6:\"0.6000\";s:3:\"P12\";s:6:\"0.6000\";s:3:\"P02\";s:6:\"0.4800\";s:3:\"P11\";s:6:\"0.4000\";s:3:\"P03\";s:6:\"0.2400\";}', 'a:3:{i:0;s:3:\"G01\";i:1;s:3:\"G02\";i:2;s:3:\"G03\";}', 'P01', 1),
(276, NULL, 'a:8:{s:3:\"P01\";s:6:\"1.0000\";s:3:\"P05\";s:6:\"0.8400\";s:3:\"P13\";s:6:\"0.8000\";s:3:\"P04\";s:6:\"0.6000\";s:3:\"P12\";s:6:\"0.6000\";s:3:\"P02\";s:6:\"0.4800\";s:3:\"P11\";s:6:\"0.4000\";s:3:\"P03\";s:6:\"0.2400\";}', 'a:3:{i:0;s:3:\"G01\";i:1;s:3:\"G02\";i:2;s:3:\"G03\";}', 'P01', 1),
(277, NULL, 'a:8:{s:3:\"P01\";s:6:\"1.0000\";s:3:\"P05\";s:6:\"0.8400\";s:3:\"P13\";s:6:\"0.8000\";s:3:\"P04\";s:6:\"0.6000\";s:3:\"P12\";s:6:\"0.6000\";s:3:\"P02\";s:6:\"0.4800\";s:3:\"P11\";s:6:\"0.4000\";s:3:\"P03\";s:6:\"0.2400\";}', 'a:3:{i:0;s:3:\"G01\";i:1;s:3:\"G02\";i:2;s:3:\"G03\";}', 'P01', 1),
(278, NULL, 'a:3:{s:3:\"P13\";s:6:\"1.0000\";s:3:\"P09\";s:6:\"0.8560\";s:3:\"P07\";s:6:\"0.6000\";}', 'a:3:{i:0;s:3:\"G20\";i:1;s:3:\"G21\";i:2;s:3:\"G22\";}', 'P13', 1),
(279, NULL, 'a:3:{s:3:\"P13\";s:6:\"1.0000\";s:3:\"P09\";s:6:\"0.8560\";s:3:\"P07\";s:6:\"0.6000\";}', 'a:3:{i:0;s:3:\"G20\";i:1;s:3:\"G21\";i:2;s:3:\"G22\";}', 'P13', 1),
(280, NULL, 'a:2:{s:3:\"P02\";s:6:\"0.8000\";s:3:\"P03\";s:6:\"0.8000\";}', 'a:2:{i:0;s:3:\"G07\";i:1;s:3:\"G08\";}', 'P02', 0.8),
(281, NULL, 'a:2:{s:3:\"P02\";s:6:\"0.8000\";s:3:\"P03\";s:6:\"0.8000\";}', 'a:2:{i:0;s:3:\"G07\";i:1;s:3:\"G08\";}', 'P02', 0.8),
(282, NULL, 'a:3:{s:3:\"P02\";s:6:\"0.6000\";s:3:\"P09\";s:6:\"0.3200\";s:3:\"P03\";s:6:\"0.1600\";}', 'a:3:{i:0;s:3:\"G07\";i:1;s:3:\"G08\";i:2;s:3:\"G22\";}', 'P02', 0.6),
(283, NULL, 'a:8:{s:3:\"P05\";s:6:\"1.0000\";s:3:\"P01\";s:6:\"0.9885\";s:3:\"P02\";s:6:\"0.9200\";s:3:\"P13\";s:6:\"0.6400\";s:3:\"P04\";s:6:\"0.4800\";s:3:\"P12\";s:6:\"0.4800\";s:3:\"P03\";s:6:\"0.4000\";s:3:\"P11\";s:6:\"0.3200\";}', 'a:4:{i:0;s:3:\"G01\";i:1;s:3:\"G02\";i:2;s:3:\"G03\";i:3;s:3:\"G04\";}', 'P05', 1),
(284, NULL, 'a:1:{s:3:\"P12\";s:6:\"1.0000\";}', 'a:1:{i:0;s:3:\"G19\";}', 'P12', 1),
(285, NULL, 'a:2:{s:3:\"P03\";s:6:\"0.8960\";s:3:\"P02\";s:6:\"0.8000\";}', 'a:3:{i:0;s:3:\"G07\";i:1;s:3:\"G08\";i:2;s:3:\"G09\";}', 'P03', 0.896),
(286, NULL, 'a:7:{s:3:\"P02\";s:6:\"0.9600\";s:3:\"P04\";s:6:\"0.8000\";s:3:\"P06\";s:6:\"0.8000\";s:3:\"P10\";s:6:\"0.8000\";s:3:\"P03\";s:6:\"0.6880\";s:3:\"P07\";s:6:\"0.6000\";s:3:\"P09\";s:6:\"0.3200\";}', 'a:5:{i:0;s:3:\"G06\";i:1;s:3:\"G07\";i:2;s:3:\"G08\";i:3;s:3:\"G09\";i:4;s:3:\"G22\";}', 'P02', 0.96),
(287, NULL, 'a:7:{s:3:\"P02\";s:6:\"0.9600\";s:3:\"P04\";s:6:\"0.8000\";s:3:\"P06\";s:6:\"0.8000\";s:3:\"P10\";s:6:\"0.8000\";s:3:\"P03\";s:6:\"0.6880\";s:3:\"P07\";s:6:\"0.6000\";s:3:\"P09\";s:6:\"0.3200\";}', 'a:5:{i:0;s:3:\"G06\";i:1;s:3:\"G07\";i:2;s:3:\"G08\";i:3;s:3:\"G09\";i:4;s:3:\"G22\";}', 'P02', 0.96),
(288, NULL, 'a:7:{s:3:\"P02\";s:6:\"0.9600\";s:3:\"P04\";s:6:\"0.8000\";s:3:\"P06\";s:6:\"0.8000\";s:3:\"P10\";s:6:\"0.8000\";s:3:\"P03\";s:6:\"0.6880\";s:3:\"P07\";s:6:\"0.6000\";s:3:\"P09\";s:6:\"0.3200\";}', 'a:5:{i:0;s:3:\"G06\";i:1;s:3:\"G07\";i:2;s:3:\"G08\";i:3;s:3:\"G09\";i:4;s:3:\"G22\";}', 'P02', 0.96),
(289, NULL, 'a:7:{s:3:\"P02\";s:6:\"0.9600\";s:3:\"P04\";s:6:\"0.8000\";s:3:\"P06\";s:6:\"0.8000\";s:3:\"P10\";s:6:\"0.8000\";s:3:\"P03\";s:6:\"0.6880\";s:3:\"P07\";s:6:\"0.6000\";s:3:\"P09\";s:6:\"0.3200\";}', 'a:5:{i:0;s:3:\"G06\";i:1;s:3:\"G07\";i:2;s:3:\"G08\";i:3;s:3:\"G09\";i:4;s:3:\"G22\";}', 'P02', 0.96),
(290, NULL, 'a:0:{}', 'N;', NULL, NULL),
(291, NULL, 'a:0:{}', 'N;', NULL, NULL),
(292, NULL, 'a:2:{s:3:\"P06\";s:6:\"1.0000\";s:3:\"P08\";s:6:\"0.4800\";}', 'a:2:{i:0;s:3:\"G12\";i:1;s:3:\"G13\";}', 'P06', 1),
(293, NULL, 'a:2:{s:3:\"P06\";s:6:\"1.0000\";s:3:\"P08\";s:6:\"0.4800\";}', 'a:2:{i:0;s:3:\"G12\";i:1;s:3:\"G13\";}', 'P06', 1),
(294, NULL, 'a:1:{s:3:\"P08\";s:6:\"0.9600\";}', 'a:2:{i:0;s:3:\"G13\";i:1;s:3:\"G14\";}', 'P08', 0.96),
(295, NULL, 'a:3:{s:3:\"P10\";s:6:\"1.0000\";s:3:\"P11\";s:6:\"0.8000\";s:3:\"P12\";s:6:\"0.4000\";}', 'a:3:{i:0;s:3:\"G17\";i:1;s:3:\"G18\";i:2;s:3:\"G19\";}', 'P10', 1),
(296, NULL, 'a:2:{s:3:\"P02\";s:6:\"0.8000\";s:3:\"P03\";s:6:\"0.6880\";}', 'a:3:{i:0;s:3:\"G07\";i:1;s:3:\"G08\";i:2;s:3:\"G09\";}', 'P02', 0.8),
(297, NULL, 'a:2:{s:3:\"P02\";s:6:\"0.8000\";s:3:\"P03\";s:6:\"0.6880\";}', 'a:3:{i:0;s:3:\"G07\";i:1;s:3:\"G08\";i:2;s:3:\"G09\";}', 'P02', 0.8),
(298, NULL, 'a:2:{s:3:\"P02\";s:6:\"0.8000\";s:3:\"P03\";s:6:\"0.6880\";}', 'a:3:{i:0;s:3:\"G07\";i:1;s:3:\"G08\";i:2;s:3:\"G09\";}', 'P02', 0.8),
(299, NULL, 'a:2:{s:3:\"P02\";s:6:\"0.8000\";s:3:\"P03\";s:6:\"0.6880\";}', 'a:3:{i:0;s:3:\"G07\";i:1;s:3:\"G08\";i:2;s:3:\"G09\";}', 'P02', 0.8),
(300, NULL, 'a:0:{}', 'N;', NULL, NULL),
(301, NULL, 'a:5:{s:3:\"P03\";s:6:\"1.0000\";s:3:\"P13\";s:6:\"1.0000\";s:3:\"P02\";s:6:\"0.8000\";s:3:\"P11\";s:6:\"0.8000\";s:3:\"P07\";s:6:\"0.6000\";}', 'a:5:{i:0;s:3:\"G07\";i:1;s:3:\"G08\";i:2;s:3:\"G09\";i:3;s:3:\"G18\";i:4;s:3:\"G20\";}', 'P03', 1),
(302, NULL, 'a:0:{}', 'N;', NULL, NULL),
(303, NULL, 'a:5:{s:3:\"P02\";s:6:\"1.0000\";s:3:\"P11\";s:6:\"1.0000\";s:3:\"P03\";s:6:\"0.8560\";s:3:\"P13\";s:6:\"0.4000\";s:3:\"P07\";s:6:\"0.2400\";}', 'a:5:{i:0;s:3:\"G07\";i:1;s:3:\"G08\";i:2;s:3:\"G09\";i:3;s:3:\"G18\";i:4;s:3:\"G20\";}', 'P02', 1),
(304, NULL, 'a:0:{}', 'N;', NULL, NULL),
(305, NULL, 'a:7:{s:3:\"P01\";s:6:\"1.0000\";s:3:\"P13\";s:6:\"0.8000\";s:3:\"P02\";s:6:\"0.6000\";s:3:\"P04\";s:6:\"0.6000\";s:3:\"P05\";s:6:\"0.6000\";s:3:\"P12\";s:6:\"0.6000\";s:3:\"P11\";s:6:\"0.4000\";}', 'a:3:{i:0;s:3:\"G01\";i:1;s:3:\"G02\";i:2;s:3:\"G04\";}', 'P01', 1),
(306, NULL, 'a:7:{s:3:\"P01\";s:6:\"1.0000\";s:3:\"P13\";s:6:\"0.8000\";s:3:\"P02\";s:6:\"0.6000\";s:3:\"P04\";s:6:\"0.6000\";s:3:\"P05\";s:6:\"0.6000\";s:3:\"P12\";s:6:\"0.6000\";s:3:\"P11\";s:6:\"0.4000\";}', 'a:3:{i:0;s:3:\"G01\";i:1;s:3:\"G02\";i:2;s:3:\"G04\";}', 'P01', 1),
(307, NULL, 'a:2:{s:3:\"P02\";s:6:\"1.0000\";s:3:\"P03\";s:6:\"0.4800\";}', 'a:2:{i:0;s:3:\"G07\";i:1;s:3:\"G08\";}', 'P02', 1),
(308, NULL, 'a:1:{s:3:\"P09\";s:6:\"1.0000\";}', 'a:2:{i:0;s:3:\"G21\";i:1;s:3:\"G22\";}', 'P09', 1),
(309, NULL, 'a:2:{s:3:\"P08\";s:6:\"0.7840\";s:3:\"P09\";s:6:\"0.3200\";}', 'a:2:{i:0;s:3:\"G15\";i:1;s:3:\"G16\";}', 'P08', 0.784),
(310, NULL, 'a:2:{s:3:\"P03\";s:6:\"1.0000\";s:3:\"P07\";s:6:\"0.4800\";}', 'a:3:{i:0;s:3:\"G08\";i:1;s:3:\"G09\";i:2;s:3:\"G10\";}', 'P03', 1),
(311, NULL, 'a:3:{s:3:\"P03\";s:6:\"1.0000\";s:3:\"P07\";s:6:\"0.6400\";s:3:\"P06\";s:6:\"0.3600\";}', 'a:3:{i:0;s:3:\"G09\";i:1;s:3:\"G10\";i:2;s:3:\"G11\";}', 'P03', 1),
(312, NULL, 'a:3:{s:3:\"P03\";s:6:\"1.0000\";s:3:\"P07\";s:6:\"0.6400\";s:3:\"P06\";s:6:\"0.3600\";}', 'a:3:{i:0;s:3:\"G09\";i:1;s:3:\"G10\";i:2;s:3:\"G11\";}', 'P03', 1),
(313, NULL, 'a:5:{s:3:\"P05\";s:6:\"0.8000\";s:3:\"P12\";s:6:\"0.8000\";s:3:\"P01\";s:6:\"0.6000\";s:3:\"P10\";s:6:\"0.4000\";s:3:\"P11\";s:6:\"0.4000\";}', 'a:1:{i:0;s:3:\"G05\";}', 'P05', 0.8),
(314, NULL, 'a:5:{s:3:\"P05\";s:6:\"0.8000\";s:3:\"P12\";s:6:\"0.8000\";s:3:\"P01\";s:6:\"0.6000\";s:3:\"P10\";s:6:\"0.4000\";s:3:\"P11\";s:6:\"0.4000\";}', 'a:1:{i:0;s:3:\"G05\";}', 'P05', 0.8),
(315, NULL, 'a:5:{s:3:\"P05\";s:6:\"0.8000\";s:3:\"P12\";s:6:\"0.8000\";s:3:\"P01\";s:6:\"0.6000\";s:3:\"P10\";s:6:\"0.4000\";s:3:\"P11\";s:6:\"0.4000\";}', 'a:1:{i:0;s:3:\"G05\";}', 'P05', 0.8),
(316, NULL, 'a:5:{s:3:\"P05\";s:6:\"0.8000\";s:3:\"P12\";s:6:\"0.8000\";s:3:\"P01\";s:6:\"0.6000\";s:3:\"P10\";s:6:\"0.4000\";s:3:\"P11\";s:6:\"0.4000\";}', 'a:1:{i:0;s:3:\"G05\";}', 'P05', 0.8),
(317, NULL, 'a:5:{s:3:\"P05\";s:6:\"0.8000\";s:3:\"P12\";s:6:\"0.8000\";s:3:\"P01\";s:6:\"0.6000\";s:3:\"P10\";s:6:\"0.4000\";s:3:\"P11\";s:6:\"0.4000\";}', 'a:1:{i:0;s:3:\"G05\";}', 'P05', 0.8),
(318, NULL, 'a:1:{s:3:\"P09\";s:6:\"0.6400\";}', 'a:1:{i:0;s:3:\"G22\";}', 'P09', 0.64),
(319, NULL, 'a:8:{s:3:\"P01\";s:6:\"0.9334\";s:3:\"P03\";s:6:\"0.8358\";s:3:\"P02\";s:6:\"0.7920\";s:3:\"P05\";s:6:\"0.7440\";s:3:\"P13\";s:6:\"0.4800\";s:3:\"P04\";s:6:\"0.3600\";s:3:\"P12\";s:6:\"0.3600\";s:3:\"P11\";s:6:\"0.2400\";}', 'a:5:{i:0;s:3:\"G01\";i:1;s:3:\"G03\";i:2;s:3:\"G04\";i:3;s:3:\"G08\";i:4;s:3:\"G09\";}', 'P01', 0.9334),
(320, NULL, 'a:13:{s:3:\"P09\";s:6:\"1.0000\";s:3:\"P08\";s:6:\"1.0000\";s:3:\"P10\";s:6:\"1.0000\";s:3:\"P01\";s:6:\"0.9844\";s:3:\"P02\";s:6:\"0.9745\";s:3:\"P05\";s:6:\"0.9712\";s:3:\"P03\";s:6:\"0.9630\";s:3:\"P13\";s:6:\"0.9584\";s:3:\"P12\";s:6:\"0.9136\";s:3:\"P07\";s:6:\"0.8249\";s:3:\"P06\";s:6:\"0.7606\";s:3:\"P04\";s:6:\"0.7280\";s:3:\"P11\";s:6:\"0.6736\";}', 'a:22:{i:0;s:3:\"G01\";i:1;s:3:\"G02\";i:2;s:3:\"G03\";i:3;s:3:\"G04\";i:4;s:3:\"G05\";i:5;s:3:\"G06\";i:6;s:3:\"G07\";i:7;s:3:\"G08\";i:8;s:3:\"G09\";i:9;s:3:\"G10\";i:10;s:3:\"G11\";i:11;s:3:\"G12\";i:12;s:3:\"G13\";i:13;s:3:\"G14\";i:14;s:3:\"G15\";i:15;s:3:\"G16\";i:16;s:3:\"G17\";i:17;s:3:\"G18\";i:18;s:3:\"G19\";i:19;s:3:\"G20\";i:20;s:3:\"G21\";i:21;s:3:\"G22\";}', 'P09', 1),
(321, NULL, 'a:2:{s:3:\"P08\";s:6:\"0.9200\";s:3:\"P11\";s:6:\"0.4000\";}', 'a:3:{i:0;s:3:\"G14\";i:1;s:3:\"G15\";i:2;s:3:\"G18\";}', 'P08', 0.92),
(322, NULL, 'a:1:{s:3:\"P09\";s:6:\"0.9200\";}', 'a:2:{i:0;s:3:\"G21\";i:1;s:3:\"G22\";}', 'P09', 0.92),
(323, NULL, 'a:8:{s:3:\"P01\";s:6:\"1.0000\";s:3:\"P05\";s:6:\"0.8400\";s:3:\"P13\";s:6:\"0.8000\";s:3:\"P04\";s:6:\"0.6000\";s:3:\"P12\";s:6:\"0.6000\";s:3:\"P02\";s:6:\"0.4800\";s:3:\"P11\";s:6:\"0.4000\";s:3:\"P03\";s:6:\"0.2400\";}', 'a:3:{i:0;s:3:\"G01\";i:1;s:3:\"G02\";i:2;s:3:\"G03\";}', 'P01', 1),
(324, 'A06', 'a:8:{s:3:\"P01\";s:6:\"1.0000\";s:3:\"P05\";s:6:\"0.8400\";s:3:\"P13\";s:6:\"0.8000\";s:3:\"P04\";s:6:\"0.6000\";s:3:\"P12\";s:6:\"0.6000\";s:3:\"P02\";s:6:\"0.4800\";s:3:\"P11\";s:6:\"0.4000\";s:3:\"P03\";s:6:\"0.2400\";}', 'a:3:{i:0;s:3:\"G01\";i:1;s:3:\"G02\";i:2;s:3:\"G03\";}', 'P01', 1),
(325, 'A06', 'a:8:{s:3:\"P01\";s:6:\"1.0000\";s:3:\"P05\";s:6:\"0.8400\";s:3:\"P13\";s:6:\"0.8000\";s:3:\"P04\";s:6:\"0.6000\";s:3:\"P12\";s:6:\"0.6000\";s:3:\"P02\";s:6:\"0.4800\";s:3:\"P11\";s:6:\"0.4000\";s:3:\"P03\";s:6:\"0.2400\";}', 'a:3:{i:0;s:3:\"G01\";i:1;s:3:\"G02\";i:2;s:3:\"G03\";}', 'P01', 1),
(326, 'A06', 'a:6:{s:3:\"P01\";s:6:\"0.3200\";s:3:\"P13\";s:6:\"0.3200\";s:3:\"P04\";s:6:\"0.2400\";s:3:\"P05\";s:6:\"0.2400\";s:3:\"P12\";s:6:\"0.2400\";s:3:\"P11\";s:6:\"0.1600\";}', 'a:1:{i:0;s:3:\"G01\";}', 'P01', 0.32);

-- --------------------------------------------------------

--
-- Table structure for table `hp`
--

CREATE TABLE `hp` (
  `id_hp` varchar(5) NOT NULL,
  `nama_hp` varchar(50) NOT NULL,
  `jenis` enum('Hama','Penyakit') NOT NULL,
  `gambar` varchar(255) NOT NULL,
  `keterangan` text NOT NULL
) ENGINE=InnoDB DEFAULT CHARSET=utf8mb4;

--
-- Dumping data for table `hp`
--

INSERT INTO `hp` (`id_hp`, `nama_hp`, `jenis`, `gambar`, `keterangan`) VALUES
('P01', 'Serangga (Lalat atau nyamuk)', 'Hama', 'P01.jpg', 'Jenis serangga yang sering mengganggu pertumbuhan jamur adalah lalat dan nyamuk. Keberadaan serangga-serangga ini akan memakan miselium dan buah jamur sehingga hasil panen jamur kurang maksimal.'),
('P02', 'Laba-laba', 'Hama', 'P2.jpg', '\r\nLaba-laba dapat memakan miselium dan tubuh buah jamur tiram. Selain itu, laba-laba juga dapat menyebarkan spora jamur pengganggu. Jika terdapat sarang laba-laba (biasanya terdapat di sela-sela baglog) maka harus segera dimusnahkan.'),
('P03', 'Rayap', 'Hama', 'P3.jpg', 'Rayap (Isoptera) merupakan  hama yang sangat sulit dideteksi kehadirannya, hama ini akan terlihat jika sudah melakukan serangan yang menimbulkan keruskaan. Hama ini akan merusak baglog ataupun jamur yang sudah tumbuh sehingga tanaman menjadi rusak serta tanaman akan muda mati.'),
('P04', 'Cacing', 'Hama', 'P4.jpg', 'Cacing gilig (Nematoda sp), merupakan salah satu jenis hama yang sering menyerang jamur tiram yang mengakibatkan jamur tiram tidak dapat tumbuh sama sekali. Ukuran cacing ini sangat kecil rata-rata kurang lebih 1 mm dan dapat berkembang sangat cepat.'),
('P05', 'Siput/Bekicot', 'Hama', 'P5.jpg', 'Bekicot atau siput merupakan hama yang suka dengan kelembaban yang sangat tinggi, dan hama ini juga sering ditemukan menyerang jamur tiram. Bekas gigitan atau jalan hama ini akan menyebabkan jamur menjadi abnormal sehingga harus di waspadai hama ini.\r\n'),
('P06', 'Tikus', 'Hama', 'P6.jpg', 'Tikus merupakan jenis hama yang dapat merusak segala  jenis tanaman apapun, terutamanya jamur tiram. Tikus dapat merusak baglog sehingga benih yang ada di dalamnya tidak tumbuh dan bahkan memakan benih atau jamur yang sudah tumbuh sehingga gagal panen.'),
('P07', 'Gurem', 'Hama', 'P7.jpg', 'Gurem atau sejenis binatang kecil berwarna coklat yang dapat terbang yang biasaya menyarang baglog atau media dari jamur tiram. saat tersarang hama ini biasanya media tanam membusuk dan rusak sehingga jamur tiram tidak tumbuh maksimal.'),
('P08', 'Mycogone Perniciosa', 'Penyakit', 'P8.jpg', 'Jamur yang telah terkena penyakit ini pada tahap awal berubah menjadi tak berbentuk, tertutup miselium parasit putih dan mengembang. Sebagai jamur cacat berkembang, menjadi coklat dan mulai membusuk. Karena pembusukan yang berair dan bentuk yang terkena jamur, penyakit ini dinamakan  Wet Bubble.'),
('P09', 'Pseudomonas Tolasii', 'Penyakit', 'P9.jpg', 'bakteri Pseudomonas tolaasii dapat bergerak melalui lapisan air menggunakan filamen. Jika ada tetesan air atau lapisan air di tudung jamur, nutrisi melarikan diri dari jaringan jamur ke dalam air, yang memberikan bakteri kesempatan untuk bereproduksi di daerah itu. Jumlah bakteri berlipat ganda dalam waktu kurang dari satu jam. Gejala pertama dari bentuk penyakit ini adalah bintik kuning-coklat.'),
('P10', 'Mucor spp', 'Penyakit', 'P10.jpg', 'Kontaminasi Mucor ditandai dengan timbulnya noda hitam pada permukaan media baglog. Kontaminasi ini menyebabkan adanya persaingan pertumbuhan Mucor dengan miselium jamur tiram. Pencegahan dapat dilakukan dengan mengurangi jumlah susunan baglog jamur dan mengatur /menurunkan suhu ruangan dengan membuka dan mengatur sirkulasi udara.'),
('P11', 'Trichoderma spp   (Buto ijo)', 'Penyakit', 'P11.jpg', 'Spora dari jamur ini secara luas tersebar di lapisan luar media dan bahan organik di berbagai lingkungan. Mereka dapat dengan mudah dibawa oleh angin, serangga atau tungau, manusia pada peralatan yang digunakan untuk budidaya jamur. Tikus yang memakan miselium pada permukaan serbuk juga dapat membawa penyakit ini.\r\n'),
('P12', '   Neurospora spp', 'Penyakit', 'P12.jpg', 'Gejala serangan: terdapat tepung berwarna orange pada permukaan atau penyumbat baglog, yang dapat mengakibatkan pertumbuhan miselium terhambat.'),
('P13', 'Penicillium spp (Buto Coklat)', 'Penyakit', 'G13.jpg', 'Kontaminasi Penicillium ditandai dengan tumbuhnya miselium berwarna coklat /merah tua. Pencegahan dapat dilakukan dengan cara menjaga kebersihan ruang inkubasi. Sedangkan untuk mengatasi agar serangan Penicillium tidak menyebar adalah dengan membuang media baglog yang terkontaminasi.');

-- --------------------------------------------------------

--
-- Table structure for table `kondisi`
--

CREATE TABLE `kondisi` (
  `id_kondisi` int(11) NOT NULL,
  `nama_kondisi` varchar(128) NOT NULL
) ENGINE=InnoDB DEFAULT CHARSET=latin1;

--
-- Dumping data for table `kondisi`
--

INSERT INTO `kondisi` (`id_kondisi`, `nama_kondisi`) VALUES
(1, 'Sangat Yakin'),
(2, 'Yakin'),
(3, 'Cukup Yakin'),
(4, 'Sedikit Yakin'),
(5, 'Tidak Tahu');

-- --------------------------------------------------------

--
-- Table structure for table `pencegahan`
--

CREATE TABLE `pencegahan` (
  `id_pencegahan` varchar(10) NOT NULL,
  `id_hp` varchar(5) NOT NULL,
  `pencegahan` text NOT NULL
) ENGINE=InnoDB DEFAULT CHARSET=utf8mb4;

--
-- Dumping data for table `pencegahan`
--

INSERT INTO `pencegahan` (`id_pencegahan`, `id_hp`, `pencegahan`) VALUES
('G01', 'P01', '- Memasang plastik bening di bagian pintu agar serangga menghindar\r\n- Memasang perangkap serangga di dalam kumbung'),
('G02', 'P10', '- mengatur atau menurunkan suhu ruangan\r\n-  membuka dan mengatur sirkulasi udara.'),
('G03', 'P11', 'sterilisasi atau desinfektasi tenaga kerja serta alatnya'),
('G04', 'P12', '- sterilisasi media baglog dengan sempurna\n- Mengurangi jumlah susunan baglog jamur '),
('G05', 'P02', '- Memusnahkan laba-laba bila terlihat\r\n- Sterilkan ruangan kumbung '),
('G06', 'P03', '- Menyemprotkan zat kimia anti rayap\r\n- Penyemprotan zat kimia seperti latrex,actara,bayer premis 200sl dsb'),
('G07', 'P04', '- Jagalah tingkat suhu dan kelembapan agar tetap normal\r\n- Menjaga kebersihan  di sekitar kumbung jamur tiram'),
('G08', 'P05', 'Menyemprotkan  lantai dan rak kumbung dengan ekstrak jarak pagar'),
('G09', 'P06', 'Memasang perangkap tikus pada sela-sela sarang untuk menangkapnya'),
('G10', 'P07', 'Sterilkan ruangan kumbung sebelum budidaya'),
('G11', 'P08', 'Melakukan pencegahan dengan  Menaburi baglog jamur dengan garam'),
('G12', 'P09', '- . Tetesan air setelah penyiraman setelah 2-3 jam\r\n- sterilisasi atau desinfektasi tenaga kerja serta alatnya\r\n- ventilasi dan sirkuasi udara harus bekerja baik'),
('G13', 'P13', '- Menjaga kelancaran sirkulasi ruang inkubasi\r\n- Kebersihan ruang inokulasi');

-- --------------------------------------------------------

--
-- Table structure for table `pengetahuan`
--

CREATE TABLE `pengetahuan` (
  `id_pengetahuan` varchar(10) NOT NULL,
  `id_hp` varchar(5) NOT NULL,
  `id_gejala` varchar(10) NOT NULL,
  `cf_pakar` float NOT NULL
) ENGINE=InnoDB DEFAULT CHARSET=utf8mb4;

--
-- Dumping data for table `pengetahuan`
--

INSERT INTO `pengetahuan` (`id_pengetahuan`, `id_hp`, `id_gejala`, `cf_pakar`) VALUES
('G01', 'P01', 'G01', 0.8),
('G02', 'P01', 'G03', 0.6),
('G03', 'P01', 'G02', 1),
('G04', 'P01', 'G04', 0.8),
('G05', 'P01', 'G05', 0.6),
('G06', 'P10', 'G05', 0.4),
('G07', 'P10', 'G06', 0.8),
('G08', 'P10', 'G17', 1),
('G09', 'P11', 'G01', 0.4),
('G10', 'P11', 'G05', 0.4),
('G11', 'P11', 'G18', 1),
('G12', 'P12', 'G01', 0.6),
('G13', 'P12', 'G05', 0.8),
('G14', 'P12', 'G19', 1),
('G15', 'P02', 'G03', 0.8),
('G16', 'P02', 'G04', 0.6),
('G17', 'P02', 'G06', 0.8),
('G18', 'P02', 'G07', 1),
('G19', 'P03', 'G03', 0.4),
('G20', 'P03', 'G08', 0.8),
('G21', 'P03', 'G09', 1),
('G22', 'P03', 'G10', 1),
('G23', 'P04', 'G01', 0.6),
('G24', 'P04', 'G06', 0.8),
('G25', 'P05', 'G01', 0.6),
('G26', 'P05', 'G03', 1),
('G27', 'P05', 'G05', 0.8),
('G28', 'P06', 'G06', 0.8),
('G29', 'P06', 'G11', 0.6),
('G30', 'P06', 'G12', 1),
('G31', 'P07', 'G06', 0.6),
('G32', 'P07', 'G10', 0.8),
('G33', 'P08', 'G13', 0.8),
('G34', 'P08', 'G14', 1),
('G35', 'P08', 'G15', 0.8),
('G36', 'P08', 'G16', 1),
('G37', 'P09', 'G16', 0.8),
('G38', 'P09', 'G21', 1),
('G39', 'P09', 'G22', 0.8),
('G40', 'P07', 'G20', 0.6),
('G41', 'P13', 'G01', 0.8),
('G42', 'P13', 'G05', 0.6),
('G43', 'P13', 'G20', 1);

-- --------------------------------------------------------

--
-- Table structure for table `pengobatan`
--

CREATE TABLE `pengobatan` (
  `id_pengobatan` varchar(10) NOT NULL,
  `id_hp` varchar(5) NOT NULL,
  `pengobatan` text NOT NULL
) ENGINE=InnoDB DEFAULT CHARSET=utf8mb4;

--
-- Dumping data for table `pengobatan`
--

INSERT INTO `pengobatan` (`id_pengobatan`, `id_hp`, `pengobatan`) VALUES
('G01', 'P01', 'periksa kondisi kumbung ada lubang-lubang yang dapat dimasuki lalat '),
('G02', 'P10', '- Mengurangi jumlah susunan baglog jamur \r\n- Baglog yang  terkontaminasi  segera dikeluarkan dan dibakar'),
('G03', 'P11', '- Membuang  baglog yang terkontaminasi \r\n- Membakar baglog yang terkontaminasi'),
('G04', 'P12', '- menggunakan fungisida, insektisida dan bahan kimia lainnya\r\n- Mengurangi jumlah susunan baglog jamur'),
('G05', 'P02', 'Taburkan serbuk kapur pada bagian dinding dan lantai'),
('G06', 'P03', '- Pisahkan baglog yang terserang hama rayap atau membuangnya\r\n- Penyemprotan ekstra siri ke kumbungan yang terserang rayap'),
('G07', 'P04', 'Lakukan proses sterillisasi dengan sempurna agar telur cacing mati'),
('G08', 'P05', 'Melakukan pemusnahan secara manual'),
('G09', 'P06', 'nyemprotan dengan obat kimia seperti x-mos,radoc,dan sebagainya'),
('G10', 'P07', 'Baglog yang  terkontaminasi  segera dikeluarkan dan dibakar'),
('G11', 'P08', '- Daerah sekitar baglog terinfeksi disiram dengan larutan formalin dan ditaburi kapur.\r\n- Memanen jamur triam yang sakit dengan sendok'),
('G12', 'P09', '- Penyemprotan rutin dengan air sodium hipoklorit yang mengandung klorin aktif AC 5,7 mg/l\r\n- Penyemprotan air keran(125 ml 10% klor untuk 100 l air per 100 m²) sebelum panen pertama'),
('G13', 'P13', '- Membuang baglog yang terkontaminasi - Membakar baglog yang terkontaminasi');

-- --------------------------------------------------------

--
-- Table structure for table `user`
--

CREATE TABLE `user` (
  `id_user` varchar(50) NOT NULL,
  `nama` varchar(128) NOT NULL,
  `username` varchar(20) NOT NULL,
  `password` varchar(128) NOT NULL,
  `alamat` text NOT NULL,
  `level` enum('admin','user') NOT NULL
) ENGINE=InnoDB DEFAULT CHARSET=utf8mb4;

--
-- Dumping data for table `user`
--

INSERT INTO `user` (`id_user`, `nama`, `username`, `password`, `alamat`, `level`) VALUES
('A06', 'Administrator', 'admin', '$2y$10$s7AISiD5L7evCOEcqLqOrOAg2NgHZX6QxzPX4Npv6m/Gl6nUYW6oW', 'Padang', 'admin'),
('A07', 'User', 'user', '$2y$10$s7AISiD5L7evCOEcqLqOrOAg2NgHZX6QxzPX4Npv6m/Gl6nUYW6oW', 'Padang', 'user');

--
-- Indexes for dumped tables
--

--
-- Indexes for table `diagnosa`
--
ALTER TABLE `diagnosa`
  ADD PRIMARY KEY (`id_diagnosa`);

--
-- Indexes for table `gejala`
--
ALTER TABLE `gejala`
  ADD PRIMARY KEY (`id_gejala`);

--
-- Indexes for table `hasil`
--
ALTER TABLE `hasil`
  ADD PRIMARY KEY (`id_hasil`);

--
-- Indexes for table `hp`
--
ALTER TABLE `hp`
  ADD PRIMARY KEY (`id_hp`);

--
-- Indexes for table `kondisi`
--
ALTER TABLE `kondisi`
  ADD PRIMARY KEY (`id_kondisi`);

--
-- Indexes for table `pencegahan`
--
ALTER TABLE `pencegahan`
  ADD PRIMARY KEY (`id_pencegahan`);

--
-- Indexes for table `pengetahuan`
--
ALTER TABLE `pengetahuan`
  ADD PRIMARY KEY (`id_pengetahuan`);

--
-- Indexes for table `pengobatan`
--
ALTER TABLE `pengobatan`
  ADD PRIMARY KEY (`id_pengobatan`);

--
-- Indexes for table `user`
--
ALTER TABLE `user`
  ADD PRIMARY KEY (`id_user`);

--
-- AUTO_INCREMENT for dumped tables
--

--
-- AUTO_INCREMENT for table `hasil`
--
ALTER TABLE `hasil`
  MODIFY `id_hasil` int(10) NOT NULL AUTO_INCREMENT, AUTO_INCREMENT=327;
--
-- AUTO_INCREMENT for table `kondisi`
--
ALTER TABLE `kondisi`
  MODIFY `id_kondisi` int(11) NOT NULL AUTO_INCREMENT, AUTO_INCREMENT=6;
/*!40101 SET CHARACTER_SET_CLIENT=@OLD_CHARACTER_SET_CLIENT */;
/*!40101 SET CHARACTER_SET_RESULTS=@OLD_CHARACTER_SET_RESULTS */;
/*!40101 SET COLLATION_CONNECTION=@OLD_COLLATION_CONNECTION */;
